host,port,country,anonymity,https,last_checked,extraction_date,response_time,detected_ip
20.111.54.16,8123,France,elite proxy,no,1 min ago,2024-08-22 11:33:14,0.35,20.111.54.16
20.206.106.192,8123,Brazil,elite proxy,no,1 min ago,2024-08-22 11:33:14,0.53,20.206.106.192
162.223.90.130,80,United States,elite proxy,no,1 min ago,2024-08-22 11:33:14,0.55,162.223.90.130
103.127.1.130,80,Bangladesh,anonymous,no,1 min ago,2024-08-22 11:33:14,0.61,"47.108.196.40, 103.127.1.130"
68.178.203.69,8899,United States,anonymous,no,20 mins ago,2024-08-22 11:33:14,0.65,68.178.203.69
4.236.183.37,8080,United States,anonymous,no,1 min ago,2024-08-22 11:33:14,0.66,4.236.183.37
23.247.136.245,80,Singapore,anonymous,no,1 min ago,2024-08-22 11:33:14,0.66,23.247.136.245
135.148.100.78,48149,United States,anonymous,yes,1 min ago,2024-08-22 11:33:14,0.68,135.148.100.78
94.242.240.36,3128,Luxembourg,anonymous,yes,1 min ago,2024-08-22 11:33:14,0.80,94.242.240.36
154.203.132.49,8080,Seychelles,anonymous,no,1 min ago,2024-08-22 11:33:14,1.06,125.77.25.177
82.102.10.253,80,United Kingdom,anonymous,no,1 min ago,2024-08-22 11:33:14,1.08,82.102.10.253
20.24.43.214,80,Singapore,elite proxy,no,10 mins ago,2024-08-22 11:33:14,1.10,20.24.43.214
47.56.110.204,8989,Hong Kong,anonymous,no,1 min ago,2024-08-22 11:33:14,1.19,47.56.110.204
154.203.132.55,8090,Seychelles,anonymous,no,1 min ago,2024-08-22 11:33:14,1.19,125.77.25.178
160.86.242.23,8080,Japan,elite proxy,yes,1 min ago,2024-08-22 11:33:14,1.28,160.86.242.23
15.204.161.192,18080,United States,elite proxy,yes,20 mins ago,2024-08-22 11:33:14,1.44,77.111.247.54
54.179.44.51,3128,Singapore,elite proxy,yes,10 mins ago,2024-08-22 11:33:14,1.45,47.129.126.231
181.188.27.162,8080,Trinidad and Tobago,elite proxy,yes,20 mins ago,2024-08-22 11:33:14,1.62,181.188.27.162
116.125.141.115,80,South Korea,anonymous,no,1 min ago,2024-08-22 11:33:14,1.90,116.125.141.115
43.134.33.254,3128,Singapore,anonymous,no,20 mins ago,2024-08-22 11:33:14,2.27,43.134.33.254
171.244.60.55,8080,Vietnam,anonymous,yes,15 secs ago,2024-08-22 11:33:14,2.55,171.244.60.55
51.89.14.70,80,United Kingdom,elite proxy,no,10 mins ago,2024-08-22 11:33:14,2.56,51.89.14.70
189.240.60.168,9090,Mexico,elite proxy,no,18 secs ago,2024-08-22 11:33:14,2.58,189.240.60.168
8.148.20.126,8080,Singapore,transparent,no,17 secs ago,2024-08-22 11:33:14,2.64,8.148.20.126
198.44.255.3,80,Hong Kong,anonymous,no,1 min ago,2024-08-22 11:33:14,2.78,198.44.255.3
91.243.194.0,3128,Ukraine,elite proxy,no,20 mins ago,2024-08-22 11:33:14,2.92,91.243.194.0
43.134.229.98,3128,Singapore,anonymous,no,20 mins ago,2024-08-22 11:33:14,2.99,43.134.229.98
47.88.85.102,3389,United States,anonymous,no,20 mins ago,2024-08-22 11:33:14,3.22,47.88.85.102
159.65.77.168,8585,United States,anonymous,no,20 mins ago,2024-08-22 11:33:14,3.65,159.65.77.168
183.100.14.134,8000,South Korea,elite proxy,no,10 mins ago,2024-08-22 11:33:14,4.70,183.100.14.134
189.240.60.164,9090,Mexico,elite proxy,no,20 mins ago,2024-08-22 11:33:14,6.04,189.240.60.168
103.113.149.245,6969,Bangladesh,transparent,no,6 mins ago,2024-08-22 11:33:14,6.48,103.14.72.162
43.134.68.153,3128,Singapore,anonymous,yes,20 mins ago,2024-08-22 11:33:14,6.69,43.134.68.153
86.57.251.210,3128,Belarus,anonymous,no,20 mins ago,2024-08-22 11:33:14,6.72,86.57.251.210
35.215.216.90,80,Brazil,anonymous,no,20 mins ago,2024-08-22 11:33:14,7.34,35.215.216.90
20.210.113.32,8123,Japan,elite proxy,no,10 mins ago,2024-08-22 11:33:14,7.61,20.210.113.32
49.245.96.145,80,Singapore,anonymous,no,1 min ago,2024-08-22 11:33:14,8.11,103.1.138.144
123.30.154.171,7777,Vietnam,anonymous,no,1 min ago,2024-08-22 11:33:14,8.35,123.30.154.171
38.54.71.67,80,Nepal,elite proxy,no,20 mins ago,2024-08-22 11:33:14,9.45,38.54.71.67
37.27.6.46,80,Finland,elite proxy,no,20 mins ago,2024-08-22 11:33:14,10.48,37.27.6.46
198.74.51.79,8888,United States,anonymous,no,10 mins ago,2024-08-22 11:33:14,11.29,198.74.51.79
51.250.13.88,80,Russian Federation,elite proxy,no,20 mins ago,2024-08-22 11:33:14,13.54,51.250.13.88
190.103.177.131,80,Argentina,anonymous,no,18 secs ago,2024-08-22 11:33:14,15.68,190.103.177.131
